imei,娱乐,科技,购物,生活,商务,时尚,旅游,游戏,财经,女性,运动,摄影,汽车,美容,母婴育儿,电影,搞笑,健康,教育,音乐,资讯,source
352097090749748,0,0,0,0,0,0,1,0,0,0,0,0,0,0,0,0,0,0,0,0,0,momo
861530032137030,0,0,0,0,0,0,0,1,0,0,0,0,0,0,0,0,0,0,0,0,0,momo
862022033023038,0,0,0,0,0,0,1,0,0,0,0,0,0,0,0,1,0,0,0,0,0,momo
862097034609217,0,0,0,0,0,1,1,0,0,0,0,0,0,0,0,0,0,0,0,0,0,momo
862183033009276,0,0,0,0,0,0,1,0,0,0,0,0,0,0,0,0,0,0,0,0,0,momo
862467033686096,0,0,0,1,0,0,1,0,0,0,0,0,1,0,0,0,0,0,0,0,0,momo
862468036199954,0,0,0,1,0,0,0,0,0,0,0,0,0,0,0,0,0,0,0,0,0,momo
862532038003611,0,0,0,0,0,0,1,0,0,0,0,0,0,0,0,0,0,0,0,0,0,momo
862812034191838,0,0,0,0,0,0,1,0,0,0,0,0,0,0,0,0,0,0,0,0,0,momo
862918034510131,0,0,0,0,0,0,1,0,0,0,0,0,0,0,0,0,0,0,0,0,0,momo
861065031991228,0,0,0,0,0,0,0,1,0,0,1,0,0,0,0,0,0,0,0,0,0,momo
862468032535490,0,0,1,0,0,0,0,1,0,0,0,0,1,0,0,0,0,0,0,0,0,momo
862788036512942,0,0,1,1,0,0,0,1,0,0,1,0,0,0,0,1,0,0,0,0,0,momo
862828033549511,0,0,0,1,0,0,1,0,0,0,0,0,0,0,0,0,0,0,0,0,0,momo
861874033590734,0,0,0,0,0,0,1,0,0,0,0,0,0,0,0,0,0,0,0,0,0,momo
353919025680130,1,1,1,1,0,1,1,1,0,0,1,0,1,0,0,1,0,0,0,0,0,momo
353988080307852,0,0,0,0,0,0,1,0,0,0,0,0,0,0,0,0,0,0,0,0,0,momo
861744032649171,0,0,0,0,0,0,1,0,0,0,0,0,0,0,0,0,0,0,0,0,0,momo
861916030093418,0,0,1,0,0,0,1,0,0,0,0,0,0,0,0,0,0,0,0,0,0,momo
862526035852418,0,0,0,0,0,0,0,0,0,0,0,0,0,0,0,1,0,0,0,0,0,momo
862526037654515,0,0,1,0,0,0,1,1,0,0,0,0,0,0,0,0,0,0,0,0,0,momo
354765082166711,0,0,0,0,0,1,0,1,0,0,0,0,0,0,0,0,0,0,0,0,0,momo
357507050008880,1,1,1,1,0,1,1,1,0,0,1,0,1,0,0,1,0,0,1,0,0,momo
861404034783516,0,0,0,0,0,0,1,0,0,0,0,0,0,0,0,0,0,0,0,0,0,momo
861839032985581,0,0,0,0,0,0,1,0,0,0,0,0,0,0,0,0,0,0,0,0,0,momo
353114085557967,1,0,0,1,0,1,1,0,0,0,0,0,0,0,0,0,0,0,1,0,0,momo
355457082902746,0,0,0,0,0,0,1,0,0,0,0,0,0,0,0,0,0,0,0,0,0,momo
861406034673621,0,0,0,0,0,0,1,0,0,0,0,0,0,0,0,0,0,0,0,0,0,momo
862460036110826,0,0,0,0,0,0,0,0,0,0,1,0,0,0,0,0,0,0,0,0,0,momo
862460039805075,0,0,0,0,0,0,1,0,0,0,0,0,0,0,0,0,0,0,0,0,0,momo
862604036865711,0,0,0,0,0,1,1,0,0,0,0,0,0,0,0,0,0,0,0,0,0,momo
860832037439614,0,0,0,0,0,0,1,0,0,0,0,0,0,0,0,0,0,0,0,0,0,momo
862002031500872,0,0,0,0,0,0,1,0,0,0,0,0,0,0,0,0,0,0,0,0,0,momo
861259031238058,0,0,0,0,0,0,1,0,0,0,0,0,0,0,0,0,0,0,0,0,0,momo
862471039231113,0,0,0,0,0,0,0,0,0,0,0,0,0,0,0,0,0,0,1,0,0,momo
862813030659497,0,0,0,0,0,1,1,1,0,0,0,0,1,0,0,0,0,0,1,0,0,momo
862886031983348,0,0,0,1,0,0,1,0,0,0,1,0,1,0,0,0,0,0,0,0,0,momo
860268032612071,0,1,0,0,0,0,1,0,0,0,1,0,0,0,0,0,0,0,0,0,0,momo
862917031186150,0,0,0,0,0,0,1,0,0,0,0,0,0,0,0,0,0,0,0,0,0,momo
862732030423979,0,0,0,1,0,0,1,1,0,0,0,0,1,0,0,0,0,0,0,0,0,momo
862814033734998,0,0,0,0,0,0,1,0,0,0,0,0,0,0,0,0,0,0,0,0,0,momo
860750038980875,0,0,1,1,0,1,1,0,0,0,0,0,0,0,0,0,0,0,0,0,0,momo
862263031744031,0,0,1,1,0,1,0,0,0,0,0,0,0,0,0,0,0,0,0,0,0,momo
862591039581850,0,0,0,0,0,0,0,0,0,0,1,0,0,0,0,0,0,0,0,0,0,momo
862609030115690,0,0,0,0,0,0,0,0,0,0,1,0,0,0,0,1,0,0,0,0,0,momo
862636032900878,0,0,0,0,0,0,1,0,0,0,0,0,0,0,0,0,0,0,0,0,0,momo
355457087122316,0,0,0,1,0,1,0,0,0,0,0,0,0,0,0,0,0,0,0,0,0,momo
860482037614947,0,0,0,0,0,0,1,0,0,0,0,0,0,0,0,0,0,0,0,0,0,momo
861504036881117,0,0,0,0,0,1,1,0,0,0,0,0,0,0,0,0,0,0,0,0,0,momo
861599033315051,0,0,0,0,0,0,1,0,0,0,0,0,0,0,0,0,0,0,0,0,0,momo
861599038320254,0,0,1,0,0,0,0,0,0,0,0,0,1,0,0,0,0,0,0,0,0,momo
861599039893317,0,0,0,0,0,0,1,1,0,0,0,0,0,0,0,0,0,0,0,0,0,momo
862097032676135,0,0,0,0,0,0,1,0,0,0,0,0,0,0,0,0,0,0,0,0,0,momo
862263037355030,0,0,0,0,0,0,0,1,0,0,0,0,0,0,0,0,0,0,0,0,0,momo
862467031563495,0,0,0,0,0,0,1,0,0,0,0,0,0,0,0,0,0,0,0,0,0,momo
352709085036945,1,0,1,0,0,1,1,1,0,0,1,0,1,0,0,1,0,0,1,0,0,momo
860268036275982,0,0,0,1,0,0,1,0,0,0,1,0,0,0,0,0,0,0,0,0,0,momo
860904039891900,0,0,0,1,0,0,1,0,0,0,0,0,0,0,0,0,0,0,0,0,0,momo
862812035297733,0,0,0,0,0,1,1,0,0,0,0,0,0,0,0,0,0,0,0,0,0,momo
860410035721794,0,0,0,0,0,1,0,1,0,0,0,0,0,0,0,0,0,0,0,0,0,momo
861065030189592,0,0,0,0,0,1,1,1,0,0,0,0,0,0,0,0,0,0,1,0,0,momo
861469039264432,0,0,0,0,0,0,0,1,0,0,0,0,0,0,0,0,0,0,0,0,0,momo
862828037137495,0,0,0,0,0,0,1,0,0,0,0,0,1,0,0,0,0,0,0,0,0,momo
353114084919127,0,0,0,0,0,1,1,1,0,0,0,0,0,0,0,1,0,0,0,0,0,momo
862458031178038,0,0,0,0,0,0,1,0,0,0,0,0,0,0,0,1,0,0,0,0,0,momo
862634039782837,0,0,0,0,0,0,1,0,0,0,0,0,0,0,0,0,0,0,0,0,0,momo
862814031056998,1,0,0,0,0,0,0,1,0,0,0,0,0,0,0,0,0,0,0,0,0,momo
862949031890911,0,0,0,0,0,0,1,0,0,0,0,0,0,0,0,0,0,0,0,0,0,momo
861874036929152,0,0,0,1,0,1,1,0,0,0,0,0,0,0,0,1,0,0,0,0,0,momo
862603035419678,0,0,1,0,0,1,0,1,0,0,0,0,0,0,0,0,0,0,1,0,0,momo
862791034026402,0,0,0,0,0,0,1,0,0,0,0,0,0,0,0,0,0,0,0,0,0,momo
35391007373770,0,1,0,1,0,0,1,1,0,0,0,0,1,0,0,1,0,0,0,0,0,momo
359583076752197,0,0,1,0,0,0,1,0,0,0,0,0,0,0,0,0,0,0,0,0,0,momo
862466034342188,0,0,0,0,0,0,1,0,0,0,0,0,0,0,0,0,0,0,0,0,0,momo
862565036351038,0,0,0,0,0,0,1,0,0,0,0,0,0,0,0,0,0,0,0,0,0,momo
862787038866611,0,0,0,0,0,0,1,0,0,0,0,0,1,0,0,0,0,0,0,0,0,momo
861603035246486,0,0,0,0,0,0,1,1,0,0,0,0,1,0,0,0,0,0,0,0,0,momo
862458035078499,0,0,0,0,0,0,1,0,0,0,0,0,0,0,0,0,0,0,0,0,0,momo
352575073488350,0,0,0,0,0,0,0,1,0,0,1,0,0,0,0,0,0,0,1,0,0,momo
862467039023153,0,0,0,0,0,0,1,0,0,0,0,0,0,0,0,0,0,0,0,0,0,momo
A0000060A27B1E,0,0,0,0,0,0,1,0,0,0,0,0,0,0,0,0,0,0,0,0,0,momo
353952074887014,0,0,0,0,0,0,1,0,0,0,0,0,0,0,0,0,0,0,0,0,0,momo
862732030681352,0,0,0,0,0,0,1,0,0,0,0,0,0,0,0,0,0,0,0,0,0,momo
861543036304035,0,0,0,0,0,0,1,0,0,0,0,0,0,0,0,0,0,0,0,0,0,momo
862609034445796,0,0,0,0,0,0,0,1,0,0,0,0,0,0,0,0,0,0,0,0,0,momo
352834070866567,0,0,0,0,0,0,1,0,0,0,0,0,0,0,0,0,0,0,0,0,0,momo
354732084612621,0,0,0,0,0,0,1,0,0,0,0,0,0,0,0,0,0,0,0,0,0,momo
861742033069894,0,0,0,0,0,0,1,0,0,0,0,0,1,0,0,0,0,0,0,0,0,momo
861916037237836,0,0,1,1,0,0,1,0,0,0,1,0,0,0,0,0,0,0,0,0,0,momo
355085080736715,0,0,0,0,0,0,1,0,0,0,0,0,0,0,0,0,0,0,0,0,0,momo
861579034949462,0,0,0,0,0,1,0,1,0,0,0,0,0,0,0,0,0,0,0,0,0,momo
861602036324839,0,0,0,0,0,0,1,0,0,0,1,0,0,0,0,0,0,0,0,0,0,momo
861790034220339,0,0,0,0,0,0,0,1,0,0,0,0,0,0,0,0,0,0,0,0,0,momo
353114080840285,0,0,1,0,0,0,1,0,0,0,0,0,0,0,0,0,0,0,0,0,0,momo
862002038436484,0,0,0,0,0,0,1,1,0,0,1,0,1,0,0,0,0,0,1,0,0,momo
353114087037562,0,0,0,0,0,0,1,1,0,0,0,0,0,0,0,0,0,0,0,0,0,momo
35391007179260,0,0,0,1,0,0,1,1,0,0,0,0,0,0,0,0,0,0,1,0,0,momo
861543033376150,0,0,0,0,0,0,0,1,0,0,0,0,0,0,0,0,0,0,0,0,0,momo
862844032027201,0,0,0,0,0,1,0,0,0,0,0,0,0,0,0,0,0,0,0,0,0,momo
357095067272368,0,1,0,1,0,0,0,1,0,0,0,0,1,0,0,0,0,0,1,0,0,momo
861543039622193,0,0,0,0,0,0,1,0,0,0,0,0,0,0,0,0,0,0,0,0,0,momo
862732030877810,0,0,0,0,0,0,1,0,0,0,1,0,0,0,0,1,0,0,0,0,0,momo
357095063856446,0,1,0,1,0,0,1,0,0,0,0,0,1,0,0,1,0,0,0,0,0,momo
861916039855635,0,0,0,0,0,0,1,0,0,0,0,0,0,0,0,0,0,0,0,0,0,momo
862591035180418,0,0,1,0,0,1,0,0,0,0,0,0,0,0,0,0,0,0,0,0,0,momo
862950030892296,0,0,0,1,0,0,1,0,0,0,0,0,1,0,0,0,0,0,0,0,0,momo
359583076955337,0,0,0,1,0,1,0,1,0,0,0,0,0,0,0,0,0,0,0,0,0,momo
861406030231358,0,0,0,0,0,0,1,0,0,0,0,0,0,0,0,0,0,0,1,0,0,momo
862603034117810,0,0,0,0,0,0,1,0,0,0,1,0,0,0,0,0,0,0,1,0,0,momo
862603035829413,0,0,1,0,0,0,1,0,0,0,1,0,1,0,0,1,0,0,0,0,0,momo
860778039447958,0,0,0,0,0,0,1,0,0,0,0,0,0,0,0,0,0,0,0,0,0,momo
861958035404851,0,0,0,0,0,0,0,0,0,0,0,0,1,0,0,1,0,0,0,0,0,momo
862467030306912,0,0,0,0,0,0,1,1,0,0,0,0,1,0,0,0,0,0,0,0,0,momo
862853035548402,0,0,0,0,0,0,1,0,0,0,0,0,0,0,0,1,0,0,0,0,0,momo
861259032903718,0,0,0,0,0,0,1,1,0,0,1,0,1,0,0,0,0,0,0,0,0,momo
861331033362366,0,0,0,0,0,0,1,0,0,0,0,0,0,0,0,0,0,0,0,0,0,momo
862018033517532,0,0,0,0,0,0,1,0,0,0,0,0,0,0,0,0,0,0,0,0,0,momo
861543038271315,0,0,0,0,0,1,0,0,0,0,0,0,0,0,0,0,0,0,0,0,0,momo
862526035698175,0,0,0,1,0,0,0,0,0,0,0,0,0,0,0,0,0,0,0,0,0,momo
862096034899679,0,0,0,1,0,0,1,0,0,0,0,0,0,0,0,0,0,0,0,0,0,momo
862177038966845,0,0,0,0,0,0,1,0,0,0,0,0,0,0,0,0,0,0,0,0,0,momo
A000005F2501BD,0,0,0,1,0,1,1,1,0,0,0,0,1,0,0,1,0,0,0,0,0,momo
35413207045737,1,1,0,0,0,1,0,1,0,0,0,0,1,0,0,1,0,0,0,0,0,momo
356001070173420,0,0,0,0,0,0,1,0,0,0,0,0,0,0,0,0,0,0,0,0,0,momo
861262037259839,0,0,0,0,0,1,1,0,0,0,0,0,1,0,0,0,0,0,0,0,0,momo
862097033561575,0,0,0,0,0,1,1,1,0,0,0,0,0,0,0,0,0,0,0,0,0,momo
862609035579551,0,0,1,1,0,1,1,0,0,0,0,0,0,0,0,0,0,0,0,0,0,momo
862732032414638,0,0,0,0,0,1,0,0,0,0,0,0,0,0,0,0,0,0,0,0,0,momo
861602031038251,0,0,0,0,0,0,1,1,0,0,1,0,0,0,0,0,0,0,0,0,0,momo
862604035453899,0,0,0,0,0,0,1,1,0,0,0,0,1,0,0,0,0,0,0,0,0,momo
862609039339572,0,0,0,0,0,0,1,1,0,0,1,0,0,0,0,0,0,0,1,0,0,momo
354734080709427,0,0,0,0,0,1,1,1,0,0,0,0,1,0,0,0,0,0,0,0,0,momo
861443033079492,0,0,0,0,0,0,1,1,0,0,0,0,0,0,0,0,0,0,1,0,0,momo
861443035078211,0,0,0,0,0,0,1,0,0,0,0,0,0,0,0,0,0,0,0,0,0,momo
862436030383791,0,0,0,0,0,1,0,0,0,0,0,0,0,0,0,0,0,0,0,0,0,momo
862812034361753,0,0,1,0,0,0,0,0,0,0,0,0,0,0,0,0,0,0,0,0,0,momo
A10000514DF8B5,0,0,1,0,0,0,1,1,0,0,1,0,0,0,0,0,0,0,0,0,0,momo
358518080477028,0,1,1,1,0,0,1,1,0,0,0,0,0,0,0,0,0,0,0,0,0,momo
861065030812466,0,0,0,0,0,0,1,1,0,0,0,0,0,0,0,0,0,0,0,0,0,momo
862458034898830,0,0,0,0,0,0,1,0,0,0,0,0,0,0,0,0,0,0,0,0,0,momo
862758039776596,0,0,0,0,0,1,0,0,0,0,0,0,0,0,0,0,0,0,0,0,0,momo
862813035961617,0,1,0,0,0,0,0,1,0,0,0,0,1,0,0,1,0,0,0,0,0,momo
358518080201600,0,0,0,1,0,1,1,0,0,0,0,0,0,0,0,0,0,0,0,0,0,momo
358520081248788,0,0,0,0,0,0,0,1,0,0,0,0,0,0,0,0,0,0,0,0,0,momo
862820036652939,0,0,0,0,0,0,1,0,0,0,0,0,0,0,0,0,0,0,0,0,0,momo
862949037799439,0,0,0,0,0,0,1,0,0,0,0,0,0,0,0,0,0,0,0,0,0,momo
354765083044917,0,0,0,0,0,0,1,1,0,0,0,0,0,0,0,0,0,0,0,0,0,momo
860737036703680,0,0,0,1,0,0,0,1,0,0,1,0,0,0,0,1,0,0,0,0,0,momo
861795032023767,0,0,0,1,0,1,1,0,0,0,0,0,0,0,0,0,0,0,0,0,0,momo
861874038624751,0,1,0,0,0,1,1,0,0,0,0,0,1,0,0,0,0,0,1,0,0,momo
862021037130377,0,0,0,0,0,0,0,0,0,0,0,0,1,0,0,0,0,0,0,0,0,momo
862097039592756,0,0,0,0,0,1,0,0,0,0,0,0,0,0,0,0,0,0,0,0,0,momo
862828034430091,0,1,0,0,0,1,1,1,0,0,1,0,0,0,0,1,0,0,0,0,0,momo
352562076160749,0,0,0,0,0,0,1,1,0,0,0,0,1,0,0,0,0,0,0,0,0,momo
359942074537564,0,0,0,0,0,0,1,0,0,0,0,0,0,0,0,0,0,0,0,0,0,momo
861599031901654,0,0,1,1,0,0,0,0,0,0,0,0,0,0,0,0,0,0,0,0,0,momo
861617039484604,0,0,0,1,0,0,1,1,0,0,0,0,0,0,0,0,0,0,0,0,0,momo
358584058372468,1,0,0,1,0,1,0,1,0,0,1,0,0,0,0,0,0,0,1,0,0,momo
861463039324478,0,1,0,0,0,0,1,1,0,0,0,0,1,0,0,1,0,0,0,0,0,momo
861602036352574,0,0,0,0,0,0,0,0,0,0,0,0,1,0,0,0,0,0,0,0,0,momo
862097035496119,0,0,0,0,0,0,1,0,0,0,0,0,0,0,0,0,0,0,0,0,0,momo
862787034277193,0,0,0,0,0,0,0,1,0,0,0,0,1,0,0,0,0,0,0,0,0,momo
35391007378346,0,0,0,1,0,1,1,0,0,0,1,0,0,0,0,0,0,0,0,0,0,momo
862783039692734,0,0,0,0,0,0,1,0,0,0,1,0,0,0,0,0,0,0,0,0,0,momo
352575074173423,0,0,0,1,0,0,1,0,0,0,0,0,0,0,0,0,0,0,0,0,0,momo
359850054711127,0,0,1,0,0,0,1,1,0,0,1,0,1,0,0,0,0,0,1,0,0,momo
861079032812135,0,0,1,1,0,0,0,1,0,0,0,0,0,0,0,0,0,0,0,0,0,momo
861262036535999,1,0,0,1,0,0,1,0,0,0,0,0,0,0,0,0,0,0,0,0,0,momo
862363032124280,0,0,0,0,0,0,0,0,0,0,1,0,1,0,0,0,0,0,0,0,0,momo
358182064309424,0,0,0,0,0,0,1,0,0,0,0,0,0,0,0,0,0,0,0,0,0,momo
861065034473372,0,0,0,0,0,0,0,1,0,0,0,0,0,0,0,0,0,0,0,0,0,momo
862526030245592,0,0,0,0,0,0,1,0,0,0,0,0,0,0,0,0,0,0,0,0,0,momo
862732033835054,0,0,0,1,0,0,0,0,0,0,0,0,0,0,0,1,0,0,0,0,0,momo
860750037465399,1,0,0,0,0,0,1,1,0,0,1,0,0,0,0,1,0,0,0,0,0,momo
860778032880858,0,0,0,1,0,0,1,0,0,0,0,0,1,0,0,0,0,0,0,0,0,momo
862387037009436,0,0,0,1,0,1,0,1,0,0,0,0,0,0,0,0,0,0,0,0,0,momo
862471037673738,0,0,0,0,0,0,1,0,0,0,0,0,0,0,0,0,0,0,0,0,0,momo
861406033545093,0,0,0,0,0,0,1,0,0,0,0,0,0,0,0,0,0,0,0,0,0,momo
861599038212618,0,0,0,0,0,0,1,0,0,0,0,0,0,0,0,0,0,0,0,0,0,momo
861602035542993,0,0,0,1,0,1,1,1,0,0,0,0,0,0,0,1,0,0,0,0,0,momo
862097030627973,0,0,0,0,0,0,1,0,0,0,0,0,0,0,0,0,0,0,0,0,0,momo
862604033222379,0,0,0,0,0,0,1,0,0,0,0,0,0,0,0,0,0,0,0,0,0,momo
862728031294393,0,0,0,1,0,0,1,0,0,0,0,0,1,0,0,0,0,0,1,0,0,momo
357755071649980,0,0,0,0,0,0,1,0,0,0,0,0,0,0,0,0,0,0,0,0,0,momo
862002039523785,0,0,1,0,0,0,1,1,0,0,0,0,1,0,0,0,0,0,0,0,0,momo
862468032869675,0,1,1,0,0,0,1,1,0,0,1,0,0,0,0,1,0,0,0,0,0,momo
862636039363591,0,0,0,0,0,1,0,0,0,0,0,0,1,0,0,0,0,0,0,0,0,momo
861079031146410,0,0,0,0,0,0,1,0,0,0,0,0,0,0,0,0,0,0,0,0,0,momo
862231034480655,0,0,0,0,0,0,1,0,0,0,0,0,0,0,0,0,0,0,0,0,0,momo
862467030210411,0,0,1,1,0,0,1,1,0,0,0,0,0,0,0,0,0,0,0,0,0,momo
354732082395625,0,0,0,0,0,0,1,1,0,0,0,0,1,0,0,0,0,0,0,0,0,momo
860737032366052,0,0,0,0,0,1,1,0,0,0,1,0,0,0,0,0,0,0,0,0,0,momo
860901030233827,0,0,0,0,0,1,0,0,0,0,0,0,0,0,0,0,0,0,0,0,0,momo
861309033454433,0,0,0,0,0,0,0,0,0,0,1,0,0,0,0,1,0,0,0,0,0,momo
359583071562559,0,0,0,0,0,0,1,1,0,0,0,0,0,0,0,0,0,0,0,0,0,momo
862021034090673,0,0,0,1,0,0,0,1,0,0,1,0,0,0,0,0,0,0,1,0,0,momo
860718035674502,0,0,0,0,0,1,1,0,0,0,0,0,0,0,0,0,0,0,0,0,0,momo
861463034079416,0,0,0,1,0,0,1,0,0,0,0,0,0,0,0,0,0,0,0,0,0,momo
861730031332513,0,0,0,0,0,0,1,1,0,0,0,0,0,0,0,0,0,0,0,0,0,momo
862097034990674,0,0,0,0,0,0,1,0,0,0,0,0,0,0,0,0,0,0,0,0,0,momo
862097036590654,0,0,1,0,0,0,1,0,0,0,0,0,0,0,0,0,0,0,0,0,0,momo
862217036700596,0,0,0,1,0,1,1,1,0,0,1,0,1,0,0,0,0,0,1,0,0,momo
862819039130174,0,0,0,1,0,0,0,0,0,0,0,0,0,0,0,0,0,0,0,0,0,momo
861079031775119,0,0,0,0,0,0,1,0,0,0,0,0,0,0,0,0,0,0,0,0,0,momo
861602036975150,0,0,0,0,0,0,1,0,0,0,0,0,0,0,0,0,0,0,0,0,0,momo
861602039653358,0,0,0,0,0,0,0,1,0,0,0,0,0,0,0,0,0,0,0,0,0,momo
861617031404501,1,0,0,0,0,0,0,0,0,0,0,0,0,0,0,0,0,0,0,0,0,momo
861065032642739,0,0,0,1,0,0,0,0,0,0,0,0,0,0,0,0,0,0,0,0,0,momo
861443034983494,0,0,1,0,0,0,1,1,0,0,0,0,0,0,0,0,0,0,0,0,0,momo
861744030559158,0,0,0,0,0,0,1,1,0,0,0,0,0,0,0,0,0,0,0,0,0,momo
357755072654328,0,0,0,1,0,0,0,1,0,0,0,0,1,0,0,0,0,0,0,0,0,momo
862458038663677,0,0,0,0,0,0,1,0,0,0,0,0,0,0,0,0,0,0,0,0,0,momo
862784038155756,0,0,0,1,0,0,1,0,0,0,0,0,0,0,0,1,0,0,0,0,0,momo
355905071897236,1,0,0,0,0,0,1,0,0,0,0,0,0,0,0,0,0,0,0,0,0,momo
860749037888774,0,0,0,0,0,0,1,0,0,0,0,0,0,0,0,0,0,0,0,0,0,momo
861467033902957,0,0,0,1,0,1,1,1,0,0,1,0,1,0,0,0,0,0,0,0,0,momo
861744038146396,0,0,0,0,0,1,1,0,0,0,1,0,0,0,0,1,0,0,0,0,0,momo
862526035594812,0,0,0,0,0,0,1,0,0,0,0,0,0,0,0,0,0,0,0,0,0,momo
862732036579576,0,0,0,0,0,0,0,0,0,0,0,0,0,0,0,0,0,0,1,0,0,momo
354765080319619,0,0,0,1,0,0,0,0,0,0,0,0,0,0,0,1,0,0,0,0,0,momo
861262031627692,0,0,0,0,0,0,1,0,0,0,0,0,0,0,0,0,0,0,0,0,0,momo
861865030159432,0,0,0,0,0,0,0,1,0,0,1,0,0,0,0,0,0,0,0,0,0,momo
862471031092752,0,0,0,0,0,0,1,0,0,0,0,0,0,0,0,0,0,0,0,0,0,momo
356156074414723,0,0,0,1,0,0,0,1,0,0,1,0,0,0,0,1,0,0,0,0,0,momo
861916036389059,0,0,0,0,0,0,1,0,0,0,0,0,0,0,0,0,0,0,0,0,0,momo
862603039059652,0,0,0,0,0,1,0,0,0,0,0,0,0,0,0,0,0,0,0,0,0,momo
862636036128559,0,0,0,1,0,1,1,1,0,0,0,0,0,0,0,0,0,0,1,0,0,momo
352631081947190,0,0,0,1,0,0,1,1,0,0,0,0,1,0,0,0,0,0,0,0,0,momo
861615038565829,1,0,0,0,0,0,0,1,0,0,0,0,0,0,0,0,0,0,0,0,0,momo
862217039161432,0,0,0,0,0,0,1,1,0,0,0,0,0,0,0,0,0,0,0,0,0,momo
862244034522616,0,0,0,0,0,0,1,1,0,0,0,0,0,0,0,0,0,0,0,0,0,momo
862467030990632,1,0,0,0,0,0,0,0,0,0,0,0,0,0,0,0,0,0,0,0,0,momo
862591034457395,0,0,0,0,0,0,1,0,0,0,1,0,0,0,0,1,0,0,0,0,0,momo
862946035061218,0,0,0,0,0,0,0,1,0,0,0,0,0,0,0,0,0,0,0,0,0,momo
864239035021855,0,0,0,0,0,0,1,0,0,0,0,0,0,0,0,0,0,0,0,0,0,momo
860930030493230,0,0,0,0,0,1,1,0,0,0,0,0,0,0,0,0,0,0,0,0,0,momo
861443037963576,1,0,0,1,0,0,0,1,0,0,1,0,0,0,0,1,0,0,0,0,0,momo
862471039457213,0,0,0,1,0,1,1,1,0,0,0,0,1,0,0,0,0,0,0,0,0,momo
862231039397813,1,0,0,0,0,0,1,1,0,0,1,0,0,0,0,1,0,0,0,0,0,momo
862532030071855,0,0,0,1,0,0,1,0,0,0,1,0,0,0,0,0,0,0,0,0,0,momo
353460080223422,1,0,0,0,0,0,0,1,0,0,0,0,1,0,0,1,0,0,0,0,0,momo
862231039804578,0,0,0,0,0,0,1,0,0,0,0,0,0,0,0,0,0,0,0,0,0,momo
862263031938450,0,0,1,1,0,1,0,1,0,0,0,0,0,0,0,0,0,0,0,0,0,momo
862458038027733,0,0,0,0,0,1,1,0,0,0,0,0,0,0,0,0,0,0,0,0,0,momo
862609039177857,0,0,1,0,0,1,0,1,0,0,0,0,0,0,0,0,0,0,0,0,0,momo
862741038832644,0,0,1,0,0,0,0,0,0,0,0,0,0,0,0,0,0,0,0,0,0,momo
862788038232333,0,0,0,0,0,0,1,0,0,0,1,0,0,0,0,1,0,0,0,0,0,momo
354782065426335,0,0,0,0,0,0,0,0,0,0,0,0,1,0,0,1,0,0,0,0,0,momo
860635036916163,0,0,0,0,0,0,0,1,0,0,0,0,1,0,0,0,0,0,0,0,0,momo
860750035158939,0,0,0,0,0,1,1,0,0,0,0,0,0,0,0,0,0,0,0,0,0,momo
862217035642971,0,0,0,0,0,1,0,0,0,0,0,0,0,0,0,0,0,0,0,0,0,momo
862263032949373,0,0,0,0,0,0,1,0,0,0,0,0,0,0,0,0,0,0,0,0,0,momo
354732084134451,0,0,0,1,0,0,0,0,0,0,0,0,0,0,0,0,0,0,0,0,0,momo
355457082879092,0,0,0,0,0,0,1,1,0,0,0,0,0,0,0,0,0,0,0,0,0,momo
860265038478481,0,0,0,0,0,0,1,1,0,0,0,0,0,0,0,0,0,0,0,0,0,momo
861406039618936,0,0,0,1,0,1,1,1,0,0,0,0,0,0,0,0,0,0,0,0,0,momo
861602037888535,0,0,0,0,0,0,1,0,0,0,0,0,0,0,0,0,0,0,0,0,0,momo
862183039669339,0,0,0,0,0,1,1,1,0,0,0,0,0,0,0,0,0,0,0,0,0,momo
862466035956226,0,0,0,1,0,0,1,0,0,0,0,0,1,0,0,0,0,0,0,0,0,momo
862565032582347,0,0,0,0,0,0,0,1,0,0,0,0,0,0,0,0,0,0,1,0,0,momo
862949030041011,0,0,0,0,0,1,0,1,0,0,0,0,0,0,0,0,0,0,1,0,0,momo
351952085896766,0,1,0,1,0,0,0,0,0,0,1,0,1,0,0,0,0,0,0,0,0,momo
355066066040199,0,0,0,0,0,0,1,0,0,0,0,0,0,0,0,0,0,0,0,0,0,momo
355914071610565,1,0,0,0,0,0,1,1,0,0,0,0,0,0,0,0,0,0,1,0,0,momo
862097034428410,0,0,0,1,0,0,1,1,0,0,0,0,0,0,0,0,0,0,0,0,0,momo
862468039531898,0,0,0,1,0,0,1,1,0,0,0,0,0,0,0,1,0,0,0,0,0,momo
861079039233590,0,0,0,1,0,0,1,1,0,0,1,0,0,0,0,0,0,0,0,0,0,momo
861543032475250,0,0,0,1,0,0,1,0,0,0,1,0,0,0,0,0,0,0,0,0,0,momo
861874037558315,0,0,0,1,0,0,1,0,0,0,0,0,1,0,0,0,0,0,0,0,0,momo
862458033469971,0,0,0,1,0,1,1,1,0,0,0,0,0,0,0,0,0,0,0,0,0,momo
862886033809752,0,0,0,0,0,1,1,0,0,0,0,0,0,0,0,0,0,0,0,0,0,momo
354246070185856,0,0,0,0,0,1,1,0,0,0,1,0,0,0,0,1,0,0,1,0,0,momo
861745039878291,0,0,0,0,0,0,1,0,0,0,0,0,0,0,0,0,0,0,0,0,0,momo
862458032759232,0,0,1,0,0,0,1,0,0,0,0,0,0,0,0,0,0,0,0,0,0,momo
862603031552894,0,0,0,0,0,1,1,1,0,0,0,0,0,0,0,0,0,0,0,0,0,momo
351952082543114,0,0,0,0,0,0,0,1,0,0,0,0,0,0,0,0,0,0,0,0,0,momo
862460036594912,0,0,1,0,0,0,0,0,0,0,0,0,0,0,0,0,0,0,0,0,0,momo
353627055419934,0,0,0,0,0,0,1,0,0,0,0,0,0,0,0,0,0,0,0,0,0,momo
358351084228548,0,0,0,1,0,0,1,0,0,0,0,0,0,0,0,0,0,0,0,0,0,momo
862183035449058,0,0,0,0,0,1,0,0,0,0,0,0,0,0,0,0,0,0,0,0,0,momo
862263036414135,1,0,0,0,0,0,0,1,0,0,0,0,0,0,0,0,0,0,0,0,0,momo
35391007178887,0,0,0,0,0,0,1,1,0,0,0,0,0,0,0,1,0,0,0,0,0,momo
860778036757078,0,0,0,0,0,0,1,1,0,0,0,0,0,0,0,0,0,0,1,0,0,momo
862097033048490,0,0,1,1,0,1,1,1,0,0,0,0,0,0,0,0,0,0,0,0,0,momo
862467032762112,0,0,0,1,0,0,1,1,0,0,0,0,1,0,0,1,0,0,0,0,0,momo
862783033851799,0,0,0,0,0,0,1,0,0,0,0,0,0,0,0,0,0,0,0,0,0,momo
860799039839762,0,0,0,0,0,0,1,0,0,0,0,0,0,0,0,0,0,0,0,0,0,momo
862097039701035,0,0,0,1,0,0,1,1,0,0,0,0,1,0,0,0,0,0,0,0,0,momo
862467033323377,0,0,0,0,0,0,1,1,0,0,0,0,1,0,0,0,0,0,0,0,0,momo
862758032699209,0,0,0,0,0,0,0,1,0,0,1,0,0,0,0,0,0,0,0,0,0,momo
861055033306368,0,0,0,1,0,0,0,1,0,0,0,0,0,0,0,0,0,0,0,0,0,momo
862258030523386,0,1,0,1,0,0,0,0,0,0,0,0,1,0,0,0,0,0,0,0,0,momo
862479036208976,0,0,0,1,0,0,1,1,0,0,1,0,0,0,0,1,0,0,0,0,0,momo
860286036008773,0,0,1,1,0,0,0,0,0,0,0,0,0,0,0,0,0,0,0,0,0,momo
860966030262118,1,0,0,1,0,0,1,0,0,0,0,0,0,0,0,0,0,0,1,0,0,momo
862526036909837,0,0,0,0,0,1,0,0,0,0,0,0,0,0,0,0,0,0,0,0,0,momo
862603033479674,1,0,0,1,0,0,0,0,0,0,0,0,0,0,0,0,0,0,0,0,0,momo
862829035970531,0,0,0,1,0,0,1,0,0,0,0,0,0,0,0,0,0,0,0,0,0,momo
861761032941010,0,0,0,0,0,0,0,1,0,0,0,0,0,0,0,0,0,0,0,0,0,momo
862609031050276,0,0,1,0,0,0,0,0,0,0,0,0,0,0,0,0,0,0,0,0,0,momo
862630033031361,0,0,0,1,0,0,1,0,0,0,0,0,1,0,0,1,0,0,0,0,0,momo
353460081092917,0,0,0,1,0,0,0,1,0,0,0,0,1,0,0,1,0,0,0,0,0,momo
354734083475414,0,0,0,0,0,0,0,1,0,0,0,0,0,0,0,0,0,0,1,0,0,momo
861078038782532,0,0,0,1,0,0,0,1,0,0,1,0,1,0,0,0,0,0,0,0,0,momo
862022037372910,0,0,0,0,0,0,0,1,0,0,0,0,0,0,0,0,0,0,0,0,0,momo
862097037012955,0,0,1,0,0,0,1,0,0,0,0,0,1,0,0,0,0,0,0,0,0,momo
354765080986854,0,0,0,0,0,0,0,1,0,0,0,0,0,0,0,0,0,0,0,0,0,momo
862552033368975,1,0,0,1,0,0,1,1,0,0,1,0,0,0,0,0,0,0,0,0,0,momo
862904036939155,0,0,0,0,0,0,1,0,0,0,0,0,0,0,0,0,0,0,0,0,0,momo
861874031355114,0,0,0,0,0,0,0,0,0,0,0,0,1,0,0,0,0,0,1,0,0,momo
862231031513813,0,1,0,0,0,0,0,1,0,0,0,0,1,0,0,1,0,0,1,0,0,momo
860439039846109,0,0,0,0,0,0,0,0,0,0,1,0,0,0,0,1,0,0,0,0,0,momo
862183032715758,0,0,0,1,0,0,1,0,0,0,0,0,1,0,0,1,0,0,0,0,0,momo
862341031987246,0,0,0,0,0,1,0,0,0,0,0,0,0,0,0,0,0,0,0,0,0,momo
351702072957067,1,1,0,1,0,1,0,0,0,0,0,0,0,0,0,1,0,0,1,0,0,momo
861464036460919,0,0,1,0,0,0,1,0,0,0,0,0,0,0,0,0,0,0,0,0,0,momo
862471033238239,0,0,0,0,0,0,1,0,0,0,0,0,0,0,0,0,0,0,0,0,0,momo
862771034580327,1,0,0,1,0,0,0,0,0,0,0,0,0,0,0,0,0,0,0,0,0,momo
863189039450173,0,0,0,1,0,0,0,0,0,0,0,0,0,0,0,1,0,0,0,0,0,momo
860077038997349,0,0,0,0,0,0,1,1,0,0,0,0,0,0,0,0,0,0,0,0,0,momo
861309032862875,0,0,0,0,0,1,0,1,0,0,0,0,0,0,0,1,0,0,0,0,0,momo
861602030901772,0,0,0,1,0,0,1,1,0,0,0,0,1,0,0,0,0,0,0,0,0,momo
862660030551954,0,0,0,0,0,1,0,0,0,0,0,0,0,0,0,0,0,0,0,0,0,momo
860778034183871,0,0,0,0,0,0,0,1,0,0,0,0,0,0,0,0,0,0,0,0,0,momo
861543032791219,0,0,0,0,0,0,1,0,0,0,0,0,0,0,0,0,0,0,0,0,0,momo
862812039026617,0,0,1,0,0,0,0,0,0,0,0,0,0,0,0,0,0,0,0,0,0,momo
860778037720133,0,0,0,0,0,1,1,0,0,0,0,0,1,0,0,0,0,0,0,0,0,momo
862814030670674,0,0,0,0,0,0,1,0,0,0,0,0,0,0,0,0,0,0,0,0,0,momo
356156075447615,0,0,0,1,0,0,1,0,0,0,0,0,1,0,0,0,0,0,0,0,0,momo
358958080563429,0,0,0,0,0,0,1,1,0,0,0,0,0,0,0,0,0,0,0,0,0,momo
861262037175878,0,0,0,0,0,0,0,1,0,0,0,0,0,0,0,0,0,0,0,0,0,momo
862022038189859,0,0,0,0,0,0,1,1,0,0,0,0,0,0,0,0,0,0,0,0,0,momo
868014028415513,0,0,0,0,0,0,0,1,0,0,0,0,0,0,0,0,0,0,0,0,0,momo
354765083123844,0,0,0,0,0,0,1,0,0,0,0,0,0,0,0,0,0,0,0,0,0,momo
861258035415654,0,0,0,1,0,0,0,0,0,0,0,0,0,0,0,0,0,0,1,0,0,momo
861599038283296,0,0,0,1,0,0,0,0,0,0,0,0,0,0,0,0,0,0,0,0,0,momo
861730037012333,0,0,0,0,0,0,1,0,0,0,0,0,0,0,0,0,0,0,0,0,0,momo
862379031757771,0,0,0,1,0,0,1,1,0,0,0,0,1,0,0,1,0,0,0,0,0,momo
862603030632390,0,0,1,0,0,0,0,1,0,0,1,0,0,0,0,0,0,0,0,0,0,momo
352709085185304,0,0,0,0,0,0,1,0,0,0,0,0,0,0,0,0,0,0,0,0,0,momo
862468030549915,0,0,0,0,0,0,1,0,0,0,0,0,0,0,0,0,0,0,0,0,0,momo
860778033307117,0,0,0,0,0,0,1,0,0,0,0,0,0,0,0,0,0,0,0,0,0,momo
358520081091972,0,0,0,0,0,0,1,0,0,0,0,0,0,0,0,0,0,0,0,0,0,momo
860736036323812,0,0,0,0,0,0,1,0,0,0,0,0,0,0,0,0,0,0,0,0,0,momo
862783039612351,0,0,0,0,0,0,0,1,0,0,0,0,0,0,0,0,0,0,0,0,0,momo
862784030564195,0,1,0,1,0,0,1,0,0,0,1,0,1,0,0,0,0,0,0,0,0,momo
862814030350756,0,0,0,0,0,1,0,0,0,0,0,0,0,0,0,0,0,0,0,0,0,momo
861405032335159,0,0,0,1,0,0,1,1,0,0,0,0,1,0,0,0,0,0,0,0,0,momo
862634038671791,0,0,0,0,0,0,0,0,0,0,0,0,0,0,0,1,0,0,0,0,0,momo
861916034684394,0,0,0,0,0,0,0,0,0,0,1,0,0,0,0,0,0,0,0,0,0,momo
862603030631053,0,0,0,1,0,1,1,0,0,0,0,0,0,0,0,0,0,0,0,0,0,momo
862842036100784,0,0,0,1,0,0,1,0,0,0,0,0,0,0,0,0,0,0,0,0,0,momo
862950039810752,0,0,0,0,0,0,0,1,0,0,0,0,1,0,0,0,0,0,0,0,0,momo
861079032340913,0,0,0,1,0,0,1,0,0,0,0,0,1,0,0,0,0,0,0,0,0,momo
861259031191299,0,0,0,0,0,1,1,1,0,0,0,0,0,0,0,0,0,0,0,0,0,momo
861259033290099,0,0,0,0,0,1,0,1,0,0,0,0,0,0,0,0,0,0,0,0,0,momo
861464036117238,0,0,0,0,0,0,1,0,0,0,0,0,1,0,0,0,0,0,0,0,0,momo
862183035213116,0,0,0,0,0,0,1,0,0,0,0,0,0,0,0,0,0,0,0,0,0,momo
862363034228931,0,0,1,0,0,0,1,0,0,0,0,0,1,0,0,0,0,0,1,0,0,momo
862689033805620,0,0,0,1,0,0,1,1,0,0,0,0,0,0,0,0,0,0,0,0,0,momo
862829036571858,0,0,0,0,0,0,1,0,0,0,0,0,0,0,0,0,0,0,0,0,0,momo
862886033980920,0,0,0,1,0,0,1,1,0,0,0,0,1,0,0,0,0,0,0,0,0,momo
359850053115536,0,0,1,0,0,0,0,1,0,0,0,0,1,0,0,0,0,0,0,0,0,momo
862230032486094,0,0,1,0,0,0,1,0,0,0,0,0,0,0,0,0,0,0,0,0,0,momo
861259039822135,0,0,0,0,0,0,1,0,0,0,0,0,0,0,0,0,0,0,0,0,0,momo
861353034970690,0,0,0,0,0,0,0,1,0,0,0,0,0,0,0,0,0,0,0,0,0,momo
861353037567097,0,0,1,0,0,0,0,0,0,0,0,0,0,0,0,0,0,0,0,0,0,momo
862183031755458,0,0,0,0,0,1,0,0,0,0,0,0,0,0,0,0,0,0,0,0,0,momo
862505039259598,0,0,0,0,0,1,1,0,0,0,0,0,0,0,0,0,0,0,0,0,0,momo
862537035151677,0,0,0,0,0,0,1,0,0,0,0,0,0,0,0,0,0,0,0,0,0,momo
862813039514479,0,0,0,0,0,0,0,0,0,0,0,0,1,0,0,0,0,0,0,0,0,momo
862814035985218,0,0,0,0,0,0,0,1,0,0,0,0,0,0,0,0,0,0,0,0,0,momo
355085081474001,0,0,0,1,0,0,0,0,0,0,1,0,0,0,0,0,0,0,0,0,0,momo
355457084662264,0,0,0,0,0,0,1,0,0,0,0,0,0,0,0,0,0,0,0,0,0,momo
356135080241379,0,0,0,1,0,1,0,1,0,0,0,0,0,0,0,1,0,0,0,0,0,momo
861404033626237,0,0,0,0,0,0,1,0,0,0,0,0,0,0,0,0,0,0,0,0,0,momo
861468037336507,0,0,0,0,0,0,0,1,0,0,0,0,1,0,0,0,0,0,0,0,0,momo
861730039147699,0,0,1,0,0,1,0,1,0,0,0,0,1,0,0,0,0,0,0,0,0,momo
862341034397872,0,1,0,0,0,1,0,1,0,0,0,0,0,0,0,1,0,0,0,0,0,momo
862784037611536,1,1,0,0,0,1,1,1,0,0,1,0,1,0,0,1,0,0,1,0,0,momo
862787030894777,0,0,1,0,0,0,1,0,0,0,1,0,0,0,0,0,0,0,1,0,0,momo
354734080217678,0,1,0,1,0,0,1,1,0,0,0,0,0,0,0,1,0,0,0,0,0,momo
358695078698045,0,0,0,0,0,0,0,1,0,0,0,0,0,0,0,0,0,0,0,0,0,momo
869801028926138,0,0,1,1,0,0,1,0,0,0,0,0,0,0,0,0,0,0,1,0,0,momo
351956085398277,0,0,0,1,0,0,1,1,0,0,0,0,0,0,0,0,0,0,0,0,0,momo
861504036102316,0,0,0,0,0,1,0,0,0,0,0,0,0,0,0,0,0,0,0,0,0,momo
862022037652030,0,1,0,0,0,0,1,1,0,0,0,0,0,0,0,1,0,0,0,0,0,momo
354732083947929,0,0,0,0,0,0,1,0,0,0,0,0,0,0,0,0,0,0,0,0,0,momo
357556064313968,1,1,1,1,0,1,1,1,0,0,0,0,0,0,0,0,0,0,1,0,0,momo
861065031281026,0,0,0,1,0,0,1,0,0,0,0,0,0,0,0,0,0,0,0,0,0,momo
861543038651078,0,0,0,0,0,0,0,1,0,0,0,0,0,0,0,0,0,0,0,0,0,momo
862387039764459,0,1,0,0,0,1,1,0,0,0,0,0,0,0,0,0,0,0,0,0,0,momo
862812036338874,0,0,0,0,0,0,0,0,0,0,0,0,0,0,0,1,0,0,0,0,0,momo
861259037423019,0,0,0,0,0,0,0,1,0,0,0,0,1,0,0,0,0,0,1,0,0,momo
861749033534322,0,0,0,0,0,0,1,0,0,0,0,0,0,0,0,0,0,0,0,0,0,momo
861874037471451,0,0,0,0,0,0,1,0,0,0,0,0,0,0,0,0,0,0,0,0,0,momo
862814032825755,0,0,0,1,0,0,0,1,0,0,0,0,0,0,0,1,0,0,0,0,0,momo
862031033534720,0,0,0,0,0,0,1,0,0,0,0,0,0,0,0,0,0,0,0,0,0,momo
862217030544834,0,0,0,0,0,0,1,0,0,0,0,0,0,0,0,0,0,0,0,0,0,momo
355457087385343,0,0,0,1,0,0,0,1,0,0,0,0,1,0,0,0,0,0,1,0,0,momo
861504035555571,0,0,0,0,0,0,1,0,0,0,0,0,0,0,0,0,0,0,0,0,0,momo
862206037124229,0,0,0,0,0,1,1,0,0,0,0,0,0,0,0,0,0,0,0,0,0,momo
862467030956518,0,0,0,0,0,0,1,0,0,0,0,0,0,0,0,0,0,0,0,0,0,momo
862636035818473,0,0,0,1,0,0,0,1,0,0,0,0,1,0,0,0,0,0,0,0,0,momo
352344080026806,1,1,1,1,0,1,1,1,0,0,0,0,1,0,0,1,0,0,0,0,0,momo
352709083348979,0,0,1,0,0,0,1,1,0,0,0,0,0,0,0,0,0,0,1,0,0,momo
359942071606180,0,0,0,0,0,0,1,1,0,0,0,0,0,0,0,0,0,0,0,0,0,momo
861874037076698,0,0,0,1,0,0,0,0,0,0,0,0,0,0,0,0,0,0,0,0,0,momo
862561031642406,1,0,0,0,0,0,1,0,0,0,0,0,0,0,0,0,0,0,0,0,0,momo
862787039316392,0,0,1,0,0,0,1,0,0,0,0,0,0,0,0,0,0,0,0,0,0,momo
862828032371099,0,0,0,0,0,0,1,0,0,0,0,0,0,0,0,0,0,0,0,0,0,momo
862828033390213,0,0,1,1,0,0,1,1,0,0,1,0,0,0,0,0,0,0,1,0,0,momo
861353033955239,0,0,0,0,0,0,1,0,0,0,0,0,0,0,0,0,0,0,0,0,0,momo
862886033013052,0,0,0,0,0,0,1,0,0,0,0,0,0,0,0,0,0,0,0,0,0,momo
358766065521712,0,0,0,0,0,0,0,0,0,0,1,0,0,0,0,1,0,0,0,0,0,momo
862217033091718,0,0,0,0,0,0,1,0,0,0,0,0,0,0,0,0,0,0,0,0,0,momo
862526034789314,0,0,0,0,0,0,1,1,0,0,0,0,0,0,0,0,0,0,0,0,0,momo
862681032806147,0,0,0,0,0,0,1,0,0,0,1,0,1,0,0,0,0,0,0,0,0,momo
355457084079444,0,0,0,0,0,0,1,0,0,0,0,0,0,0,0,0,0,0,0,0,0,momo
862022030749619,1,0,0,0,0,0,1,0,0,0,0,0,1,0,0,0,0,0,0,0,0,momo
860121037299404,0,0,0,0,0,1,1,0,0,0,0,0,0,0,0,0,0,0,0,0,0,momo
860983034924668,0,0,0,0,0,0,1,0,0,0,0,0,0,0,0,0,0,0,0,0,0,momo
861504032584293,0,0,0,0,0,1,1,0,0,0,0,0,1,0,0,0,0,0,0,0,0,momo
A10000514B9A3C,0,0,0,0,0,0,1,0,0,0,0,0,0,0,0,0,0,0,0,0,0,momo
352834070695230,0,0,0,0,0,0,0,0,0,0,0,0,1,0,0,0,0,0,0,0,0,momo
860265038327142,0,0,0,0,0,0,1,0,0,0,0,0,0,0,0,0,0,0,0,0,0,momo
860268034755852,0,0,0,0,0,0,1,1,0,0,1,0,0,0,0,0,0,0,0,0,0,momo
860736034144863,0,0,0,0,0,0,1,0,0,0,0,0,0,0,0,0,0,0,0,0,0,momo
860983035628474,0,0,0,0,0,1,0,0,0,0,0,0,0,0,0,0,0,0,0,0,0,momo
862266035522006,0,0,0,0,0,0,1,0,0,0,0,0,0,0,0,0,0,0,0,0,0,momo
862719031498423,0,0,0,0,0,0,1,0,0,0,0,0,1,0,0,0,0,0,0,0,0,momo
862828032513997,1,0,1,0,0,1,1,0,0,0,0,0,1,0,0,0,0,0,1,0,0,momo
862886039570634,0,0,0,0,0,0,1,0,0,0,0,0,0,0,0,0,0,0,0,0,0,momo
862950034223571,0,0,0,0,0,0,1,0,0,0,0,0,0,0,0,0,0,0,0,0,0,momo
862962032736298,0,0,0,0,0,0,1,1,0,0,0,0,0,0,0,0,0,0,0,0,0,momo
353114081247357,0,0,0,0,0,0,0,1,0,0,0,0,0,0,0,0,0,0,0,0,0,momo
354730080174174,0,0,0,0,0,0,1,0,0,0,0,0,0,0,0,0,0,0,0,0,0,momo
860778038253571,1,1,0,0,0,0,1,1,0,0,0,0,1,0,0,1,0,0,0,0,0,momo
861259031678170,0,0,0,0,0,0,0,1,0,0,0,0,0,0,0,0,0,0,0,0,0,momo
861464038524571,0,0,0,0,0,0,1,0,0,0,0,0,0,0,0,0,0,0,0,0,0,momo
862017034924192,0,0,1,0,0,1,0,1,0,0,0,0,1,0,0,0,0,0,0,0,0,momo
355021060650725,0,0,0,0,0,0,1,1,0,0,0,0,0,0,0,0,0,0,1,0,0,momo
861600030826650,0,0,0,0,0,0,1,0,0,0,0,0,0,0,0,0,0,0,0,0,0,momo
862021030871316,0,0,1,0,0,0,1,1,0,0,0,0,1,0,0,0,0,0,0,0,0,momo
861752037697343,0,0,0,0,0,0,1,0,0,0,0,0,0,0,0,0,0,0,0,0,0,momo
862603031663212,0,0,0,0,0,0,0,1,0,0,0,0,0,0,0,0,0,0,0,0,0,momo
862745032894823,0,1,0,1,0,0,1,1,0,0,0,0,1,0,0,1,0,0,0,0,0,momo
861443036852499,0,0,0,0,0,0,1,0,0,0,0,0,0,0,0,0,0,0,0,0,0,momo
861516031449518,0,0,0,0,0,0,1,0,0,0,0,0,0,0,0,0,0,0,0,0,0,momo
862565033631622,0,0,0,1,0,0,1,0,0,0,0,0,0,0,0,0,0,0,0,0,0,momo
35964808012601,0,0,0,0,0,0,1,0,0,0,0,0,0,0,0,0,0,0,0,0,0,momo
861079035532532,1,0,0,1,0,0,1,1,0,0,1,0,1,0,0,1,0,0,1,0,0,momo
861464035276191,0,0,0,0,0,0,1,0,0,0,0,0,0,0,0,0,0,0,0,0,0,momo
862022034210238,0,0,0,0,0,0,1,1,0,0,0,0,0,0,0,0,0,0,0,0,0,momo
357612082182230,0,0,0,0,0,0,1,0,0,0,0,0,0,0,0,0,0,0,0,0,0,momo
861337033496922,0,1,0,1,0,0,1,1,0,0,1,0,1,0,0,1,0,0,0,0,0,momo
862217035686978,0,0,0,0,0,0,1,0,0,0,0,0,0,0,0,0,0,0,0,0,0,momo
862231033089218,0,0,0,0,0,0,1,0,0,0,0,0,0,0,0,0,0,0,0,0,0,momo
358314070178556,0,0,0,0,0,0,1,0,0,0,0,0,0,0,0,0,0,0,0,0,0,momo
352273017386340,1,0,1,1,0,1,1,1,0,0,1,0,1,0,0,1,0,0,1,0,0,momo
861247032959707,0,0,0,0,0,0,1,0,0,0,0,0,0,0,0,0,0,0,1,0,0,momo
861468036747613,0,0,0,0,0,0,1,0,0,0,0,0,1,0,0,0,0,0,0,0,0,momo
861916034679055,0,0,0,0,0,0,0,1,0,0,0,0,0,0,0,1,0,0,0,0,0,momo
862636030930158,0,0,0,1,0,1,0,0,0,0,1,0,0,0,0,0,0,0,0,0,0,momo
862770035098263,0,0,1,1,0,0,1,0,0,0,0,0,0,0,0,0,0,0,0,0,0,momo
354765084406339,0,0,0,1,0,0,1,1,0,0,0,0,0,0,0,0,0,0,0,0,0,momo
862096038246513,0,0,0,0,0,0,1,1,0,0,0,0,0,0,0,0,0,0,0,0,0,momo
862734037167658,0,0,0,1,0,0,1,1,0,0,0,0,1,0,0,1,0,0,0,0,0,momo
861543031791673,0,0,1,0,0,0,0,0,0,0,0,0,0,0,0,0,0,0,0,0,0,momo
862183033736233,0,0,0,0,0,0,1,0,0,0,0,0,0,0,0,0,0,0,0,0,0,momo
862363032155482,0,0,0,1,0,1,0,0,0,0,0,0,0,0,0,0,0,0,1,0,0,momo
862467031269770,0,0,0,0,0,0,1,0,0,0,0,0,0,0,0,0,0,0,0,0,0,momo
862759036349312,0,0,0,0,0,0,1,1,0,0,0,0,0,0,0,0,0,0,0,0,0,momo
862812035632459,0,0,0,0,0,0,1,0,0,0,0,0,0,0,0,0,0,0,0,0,0,momo
860778034951418,0,0,0,0,0,0,0,1,0,0,0,0,0,0,0,0,0,0,0,0,0,momo
861634031828522,0,0,0,0,0,0,0,0,0,0,0,0,1,0,0,0,0,0,0,0,0,momo
861744035486852,0,1,0,1,0,1,1,1,0,0,0,0,1,0,0,0,0,0,1,0,0,momo
862812039759696,0,0,0,1,0,0,0,1,0,0,0,0,0,0,0,0,0,0,0,0,0,momo
355905072082598,0,0,0,1,0,0,1,1,0,0,0,0,0,0,0,1,0,0,0,0,0,momo
861259039526330,0,0,0,0,0,0,1,1,0,0,0,0,0,0,0,0,0,0,0,0,0,momo
861543035882270,0,0,1,0,0,0,0,0,0,0,0,0,0,0,0,0,0,0,0,0,0,momo
862812033983490,0,0,0,0,0,0,1,0,0,0,0,0,0,0,0,0,0,0,0,0,0,momo
356156075803916,0,0,0,1,0,0,1,1,0,0,1,0,1,0,0,1,0,0,0,0,0,momo
351952085023502,0,0,0,0,0,0,1,0,0,0,0,0,0,0,0,0,0,0,0,0,0,momo
354732085275212,0,0,0,0,0,0,1,0,0,0,0,0,0,0,0,0,0,0,0,0,0,momo
860443032427362,0,0,0,1,0,0,1,0,0,0,0,0,0,0,0,0,0,0,0,0,0,momo
862471031448459,0,0,1,0,0,0,1,0,0,0,0,0,0,0,0,0,0,0,0,0,0,momo
862636031674938,0,0,0,0,0,0,1,0,0,0,0,0,0,0,0,0,0,0,0,0,0,momo
865407010000009,1,1,1,1,0,1,1,1,0,0,1,0,1,0,0,1,0,0,1,0,0,momo
861404035700238,0,0,0,0,0,0,1,0,0,0,0,0,0,0,0,0,0,0,0,0,0,momo
861504034699495,1,0,0,0,0,0,1,0,0,0,1,0,0,0,0,0,0,0,0,0,0,momo
862023032166950,1,0,0,0,0,0,0,0,0,0,0,0,0,0,0,0,0,0,0,0,0,momo
353114082566367,0,0,0,0,0,0,1,1,0,0,0,0,0,0,0,1,0,0,0,0,0,momo
861468038663230,0,0,0,0,0,1,1,0,0,0,0,0,1,0,0,0,0,0,0,0,0,momo
351956083574515,0,0,0,0,0,0,0,1,0,0,0,0,0,0,0,0,0,0,0,0,0,momo
861258036700294,0,0,0,0,0,0,1,0,0,0,0,0,1,0,0,1,0,0,1,0,0,momo
861837035176471,0,0,0,0,0,1,1,0,0,0,0,0,0,0,0,0,0,0,0,0,0,momo
354732081984569,0,0,0,0,0,1,1,1,0,0,0,0,0,0,0,0,0,0,0,0,0,momo
355905074541088,0,0,1,0,0,1,0,0,0,0,0,0,1,0,0,0,0,0,0,0,0,momo
860596030593871,0,0,0,0,0,0,1,1,0,0,0,0,0,0,0,0,0,0,0,0,0,momo
861353037593317,0,0,0,0,0,0,1,0,0,0,0,0,0,0,0,0,0,0,0,0,0,momo
862526036798198,0,0,0,1,0,0,1,0,0,0,0,0,0,0,0,0,0,0,0,0,0,momo
862561038335293,0,0,0,0,0,0,1,0,0,0,0,0,0,0,0,0,0,0,1,0,0,momo
862828031443733,1,0,0,0,0,1,0,0,0,0,1,0,1,0,0,0,0,0,0,0,0,momo
862828039285292,0,0,0,0,0,0,1,0,0,0,0,0,0,0,0,0,0,0,0,0,0,momo
862829031810632,0,0,1,0,0,0,0,0,0,0,0,0,0,0,0,0,0,0,0,0,0,momo
352562075857667,0,0,0,0,0,0,0,1,0,0,0,0,0,0,0,0,0,0,0,0,0,momo
861468033760163,1,0,0,1,0,0,1,1,0,0,0,0,0,0,0,1,0,0,0,0,0,momo
861495037739547,0,0,0,0,0,0,0,1,0,0,0,0,0,0,0,0,0,0,0,0,0,momo
861600038070012,0,0,0,0,0,0,1,0,0,0,0,0,0,0,0,0,0,0,0,0,0,momo
862177036519760,0,0,0,0,0,0,1,0,0,0,0,0,0,0,0,0,0,0,0,0,0,momo
861404030633210,1,0,0,0,0,0,0,1,0,0,0,0,0,0,0,0,0,0,0,0,0,momo
862471034750570,0,0,0,0,0,0,1,1,0,0,0,0,0,0,0,0,0,0,0,0,0,momo
862471034905398,0,0,0,0,0,1,0,0,0,0,0,0,0,0,0,0,0,0,0,0,0,momo
862603038363212,0,0,0,0,0,1,1,0,0,0,0,0,0,0,0,0,0,0,0,0,0,momo
354730080860624,1,1,0,1,0,1,0,0,0,0,0,0,0,0,0,1,0,0,0,0,0,momo
861443037193935,1,0,0,0,0,0,0,1,0,0,0,0,0,0,0,0,0,0,0,0,0,momo
861487031150714,0,1,0,0,0,0,0,0,0,0,0,0,0,0,0,0,0,0,0,0,0,momo
862183036849017,0,0,0,0,0,1,1,0,0,0,0,0,0,0,0,0,0,0,0,0,0,momo
352709083435198,0,0,0,0,0,0,0,0,0,0,0,0,0,0,0,0,0,0,1,0,0,momo
359583074212103,0,0,0,0,0,0,1,0,0,0,0,0,1,0,0,0,0,0,0,0,0,momo
861259034150094,0,0,1,0,0,0,1,1,0,0,0,0,1,0,0,0,0,0,0,0,0,momo
861464039272113,0,0,0,0,0,1,1,0,0,0,0,0,0,0,0,0,0,0,0,0,0,momo
861874035089776,0,0,0,0,0,1,1,0,0,0,0,0,0,0,0,0,0,0,0,0,0,momo
355457082572887,0,0,0,0,0,0,1,0,0,0,0,0,0,0,0,0,0,0,0,0,0,momo
861262033391958,0,0,0,0,0,0,1,1,0,0,1,0,0,0,0,1,0,0,0,0,0,momo
861488039190496,0,0,0,0,0,0,1,0,0,0,0,0,0,0,0,0,0,0,0,0,0,momo
862393033786936,0,0,1,0,0,0,1,1,0,0,0,0,0,0,0,0,0,0,0,0,0,momo
351952083744802,0,0,0,1,0,0,0,1,0,0,1,0,0,0,0,1,0,0,0,0,0,momo
354765084754654,0,0,0,0,0,0,1,0,0,0,0,0,0,0,0,0,0,0,0,0,0,momo
861262030883932,0,0,0,0,0,0,0,1,0,0,1,0,0,0,0,0,0,0,0,0,0,momo
862022037672756,0,0,0,0,0,0,0,0,0,0,1,0,1,0,0,1,0,0,0,0,0,momo
862096039545954,0,0,0,0,0,0,1,0,0,0,0,0,0,0,0,0,0,0,0,0,0,momo
862231035855012,0,0,1,0,0,0,0,0,0,0,0,0,0,0,0,0,0,0,0,0,0,momo
862636039751977,0,0,0,0,0,0,1,0,0,0,0,0,0,0,0,0,0,0,0,0,0,momo
862745034590817,0,0,1,1,0,0,1,1,0,0,1,0,1,0,0,1,0,0,1,0,0,momo
862759030130395,0,0,0,0,0,0,1,0,0,0,0,0,0,0,0,0,0,0,0,0,0,momo
862950030980638,1,0,1,1,0,0,1,1,0,0,0,0,1,0,0,0,0,0,0,0,0,momo
354732083903500,0,0,0,0,0,0,0,1,0,0,0,0,0,0,0,0,0,0,0,0,0,momo
861495031818347,0,0,0,0,0,0,1,0,0,0,0,0,0,0,0,0,0,0,0,0,0,momo
862263039725230,0,0,1,0,0,0,1,0,0,0,0,0,0,0,0,0,0,0,0,0,0,momo
866377032145273,0,0,1,0,0,0,1,0,0,0,0,0,0,0,0,0,0,0,0,0,0,momo
353288081408720,0,0,0,1,0,0,0,0,0,0,0,0,0,0,0,0,0,0,0,0,0,momo
862021034002173,0,0,0,0,0,0,1,0,0,0,0,0,0,0,0,0,0,0,0,0,0,momo
861602038387271,0,0,1,1,0,1,1,1,0,0,0,0,0,0,0,0,0,0,0,0,0,momo
862467031513631,0,0,1,0,0,0,0,0,0,0,0,0,0,0,0,0,0,0,0,0,0,momo
358074080106001,0,0,0,0,0,0,1,1,0,0,1,0,1,0,0,1,0,0,0,0,0,momo
860871032514815,0,0,0,0,0,0,1,0,0,0,0,0,0,0,0,0,0,0,0,0,0,momo
862467039235013,0,0,0,0,0,0,1,0,0,0,0,0,0,0,0,0,0,0,0,0,0,momo
862263036436872,0,0,0,0,0,0,1,0,0,0,0,0,0,0,0,0,0,0,0,0,0,momo
862660039431158,0,0,0,1,0,1,1,0,0,0,0,0,1,0,0,0,0,0,0,0,0,momo
A0000060A783C3,0,0,0,1,0,1,1,0,0,0,0,0,0,0,0,0,0,0,0,0,0,momo
861443031765654,0,0,0,0,0,0,0,0,0,0,0,0,0,0,0,0,0,0,1,0,0,momo
861761031184380,0,0,0,0,0,0,0,1,0,0,0,0,0,0,0,0,0,0,0,0,0,momo
861916033998712,0,0,0,1,0,0,1,1,0,0,1,0,0,0,0,0,0,0,0,0,0,momo
862021038777291,0,0,0,0,0,0,1,1,0,0,0,0,0,0,0,0,0,0,0,0,0,momo
862022032656416,0,1,1,1,0,1,1,1,0,0,1,0,1,0,0,0,0,0,1,0,0,momo
862217034570611,0,0,0,0,0,0,1,0,0,0,0,0,0,0,0,0,0,0,0,0,0,momo
862609036536519,0,0,0,0,0,0,1,0,0,0,0,0,0,0,0,0,0,0,0,0,0,momo
861602031600894,0,0,0,0,0,1,0,1,0,0,0,0,0,0,0,0,0,0,0,0,0,momo
861795032925300,0,0,0,1,0,0,0,1,0,0,1,0,0,0,0,1,0,0,0,0,0,momo
862022039686275,0,1,0,1,0,1,1,1,0,0,1,0,1,0,0,1,0,0,0,0,0,momo
862097034726912,0,0,0,0,0,0,1,1,0,0,0,0,0,0,0,0,0,0,0,0,0,momo
862183036015593,0,0,0,0,0,0,1,0,0,0,0,0,0,0,0,0,0,0,0,0,0,momo
862183037988814,0,0,0,0,0,1,1,0,0,0,0,0,0,0,0,0,0,0,0,0,0,momo
862547038378441,1,0,0,0,0,0,0,1,0,0,1,0,0,0,0,0,0,0,0,0,0,momo
862609033943353,0,0,0,0,0,0,0,1,0,0,0,0,1,0,0,0,0,0,0,0,0,momo
862787033932459,0,0,0,0,0,0,1,1,0,0,0,0,0,0,0,0,0,0,0,0,0,momo
868809023333425,0,0,0,0,0,0,1,0,0,0,0,0,0,0,0,0,0,0,0,0,0,momo
860209032967289,0,0,0,0,0,0,1,0,0,0,0,0,0,0,0,0,0,0,0,0,0,momo
861259032635674,0,1,0,0,0,0,0,1,0,0,0,0,1,0,0,0,0,0,0,0,0,momo
862183038383536,0,0,0,0,0,0,1,0,0,0,0,0,0,0,0,0,0,0,0,0,0,momo
860273030873543,0,0,1,1,0,0,1,0,0,0,0,0,0,0,0,0,0,0,1,0,0,momo
357872061156205,0,0,0,0,0,0,1,0,0,0,1,0,1,0,0,0,0,0,0,0,0,momo
862949031497253,0,0,0,0,0,0,1,0,0,0,0,0,0,0,0,0,0,0,0,0,0,momo
351952083880010,0,0,0,0,0,0,1,0,0,0,0,0,0,0,0,0,0,0,0,0,0,momo
354132071288636,1,0,1,1,0,1,1,1,0,0,1,0,0,0,0,1,0,0,0,0,0,momo
861504038706999,0,0,0,0,0,0,0,0,0,0,0,0,1,0,0,1,0,0,0,0,0,momo
862217036421953,0,0,0,0,0,0,1,0,0,0,0,0,0,0,0,0,0,0,0,0,0,momo
862720039322243,0,0,0,0,0,0,0,1,0,0,1,0,0,0,0,1,0,0,0,0,0,momo
862949039587113,0,1,0,0,0,0,0,1,0,0,1,0,0,0,0,0,0,0,1,0,0,momo
860270038608053,0,0,0,0,0,0,1,1,0,0,1,0,1,0,0,1,0,0,0,0,0,momo
860736039185994,0,0,0,0,0,0,1,0,0,0,0,0,0,0,0,0,0,0,0,0,0,momo
861079034275794,0,0,0,0,0,0,1,0,0,0,0,0,0,0,0,0,0,0,0,0,0,momo
861730039360532,0,0,1,1,0,0,1,0,0,0,0,0,0,0,0,0,0,0,0,0,0,momo
861742035192215,0,0,0,0,0,1,1,0,0,0,0,0,0,0,0,0,0,0,0,0,0,momo
862022038335833,0,0,0,0,0,1,1,0,0,0,0,0,1,0,0,0,0,0,1,0,0,momo
862096036613219,0,0,0,1,0,0,1,0,0,0,0,0,0,0,0,0,0,0,0,0,0,momo
862521030434411,0,0,0,0,0,0,1,0,0,0,0,0,0,0,0,0,0,0,0,0,0,momo
862814038064136,0,0,0,0,0,1,1,0,0,0,0,0,0,0,0,0,0,0,0,0,0,momo
A100005012AE1D,0,0,0,0,0,0,1,1,0,0,0,0,0,0,0,0,0,0,0,0,0,momo
352709084534734,0,0,0,1,0,0,1,1,0,0,0,0,0,0,0,0,0,0,0,0,0,momo
861065031689061,0,0,0,1,0,0,1,0,0,0,0,0,1,0,0,0,0,0,0,0,0,momo
861353034676792,0,0,0,0,0,0,1,0,0,0,0,0,0,0,0,0,0,0,1,0,0,momo
862467036073110,0,0,0,0,0,0,1,0,0,0,0,0,0,0,0,0,0,0,0,0,0,momo
351810081344191,0,0,1,0,0,1,0,0,0,0,0,0,0,0,0,0,0,0,0,0,0,momo
354732082898503,0,0,0,0,0,0,1,0,0,0,0,0,0,0,0,0,0,0,0,0,0,momo
862387034111409,0,0,0,0,0,0,0,1,0,0,1,0,0,0,0,0,0,0,0,0,0,momo
862681037398264,0,0,0,0,0,0,1,0,0,0,0,0,0,0,0,0,0,0,0,0,0,momo
862720038994612,0,0,1,0,0,0,1,1,0,0,0,0,1,0,0,0,0,0,0,0,0,momo
354732083805721,0,0,0,0,0,0,1,1,0,0,0,0,0,0,0,0,0,0,0,0,0,momo
862231036678132,0,0,0,0,0,1,1,0,0,0,0,0,0,0,0,0,0,0,0,0,0,momo
862466031877079,0,0,0,0,0,0,1,0,0,0,0,0,0,0,0,0,0,0,0,0,0,momo
862552035235891,0,1,0,0,0,0,1,1,0,0,0,0,1,0,0,0,0,0,0,0,0,momo
862783033014232,1,0,0,0,0,0,0,0,0,0,0,0,0,0,0,0,0,0,0,0,0,momo
862784037389513,0,0,1,0,0,0,0,0,0,0,0,0,0,0,0,0,0,0,0,0,0,momo
861406037676746,0,0,0,0,0,0,1,0,0,0,0,0,0,0,0,0,0,0,0,0,0,momo
861730032949034,0,0,0,1,0,0,0,0,0,0,0,0,0,0,0,1,0,0,0,0,0,momo
862183031152276,0,0,0,0,0,0,1,1,0,0,0,0,0,0,0,1,0,0,0,0,0,momo
357784055088965,0,0,0,0,0,0,1,0,0,0,0,0,0,0,0,0,0,0,0,0,0,momo
861464035537154,0,0,0,0,0,0,1,0,0,0,0,0,0,0,0,0,0,0,0,0,0,momo
862689035180444,0,0,0,0,0,0,0,1,0,0,0,0,0,0,0,0,0,0,0,0,0,momo
862732031403335,0,0,0,0,0,0,1,0,0,0,0,0,0,0,0,0,0,0,0,0,0,momo
862734033491813,0,0,0,0,0,0,1,0,0,0,0,0,0,0,0,0,0,0,0,0,0,momo
862886037774455,0,0,0,0,0,0,1,0,0,0,0,0,0,0,0,0,0,0,0,0,0,momo
355989087213018,0,0,0,0,0,0,1,0,0,0,0,0,0,0,0,0,0,0,0,0,0,momo
861406033863090,0,0,0,0,0,0,1,1,0,0,0,0,0,0,0,0,0,0,0,0,0,momo
862660039598816,0,0,0,1,0,0,0,1,0,0,0,0,0,0,0,0,0,0,0,0,0,momo
862828035519918,0,0,0,0,0,0,1,0,0,0,0,0,0,0,0,0,0,0,0,0,0,momo
861726038417331,0,0,0,1,0,1,0,0,0,0,0,0,0,0,0,0,0,0,0,0,0,momo
354765085186575,0,0,0,0,0,0,1,0,0,0,0,0,0,0,0,0,0,0,0,0,0,momo
861331036402623,0,0,0,0,0,0,0,1,0,0,1,0,1,0,0,0,0,0,0,0,0,momo
861404032499693,0,0,0,0,0,0,1,0,0,0,0,0,0,0,0,0,0,0,0,0,0,momo
861463030048894,1,0,1,1,0,0,1,0,0,0,1,0,0,0,0,0,0,0,0,0,0,momo
861916030238377,0,0,0,0,0,0,1,0,0,0,0,0,0,0,0,0,0,0,0,0,0,momo
862526034669391,0,0,0,0,0,1,0,0,0,0,0,0,0,0,0,0,0,0,0,0,0,momo
862183036569334,0,0,0,0,0,0,0,1,0,0,0,0,0,0,0,0,0,0,0,0,0,momo
862812035790778,0,0,1,0,0,1,1,0,0,0,0,0,0,0,0,0,0,0,0,0,0,momo
359942075224949,0,0,0,0,0,1,1,0,0,0,0,0,0,0,0,1,0,0,0,0,0,momo
861406037446702,0,0,0,1,0,1,1,0,0,0,0,0,0,0,0,1,0,0,0,0,0,momo
861742037950057,0,0,0,0,0,1,0,0,0,0,0,0,0,0,0,0,0,0,0,0,0,momo
861916037299232,0,0,0,0,0,0,0,1,0,0,0,0,0,0,0,0,0,0,0,0,0,momo
862096032449113,0,0,1,0,0,0,1,0,0,0,0,0,0,0,0,0,0,0,0,0,0,momo
862466038484762,0,0,0,0,0,0,0,1,0,0,0,0,0,0,0,0,0,0,0,0,0,momo
862632035548756,0,0,0,0,0,1,0,0,0,0,0,0,1,0,0,0,0,0,0,0,0,momo
862689032938802,0,0,0,0,0,0,1,1,0,0,0,0,0,0,0,0,0,0,0,0,0,momo
359583079544591,0,0,1,0,0,0,1,0,0,0,0,0,0,0,0,0,0,0,0,0,0,momo
359583079938512,0,0,0,0,0,1,0,0,0,0,0,0,1,0,0,0,0,0,0,0,0,momo
862023030802627,1,0,1,1,0,1,1,1,0,0,1,0,1,0,0,1,0,0,1,0,0,momo
862467039288251,0,0,0,0,0,1,1,0,0,0,0,0,0,0,0,0,0,0,0,0,0,momo
862855032049649,0,0,0,1,0,0,1,0,0,0,0,0,0,0,0,0,0,0,0,0,0,momo
863707039870874,0,0,0,0,0,0,1,0,0,0,0,0,0,0,0,0,0,0,0,0,0,momo
352097091740050,0,1,0,1,0,1,0,1,0,0,1,0,0,0,0,1,0,0,1,0,0,momo
358522089309950,0,0,0,0,0,0,1,0,0,0,0,0,0,0,0,0,0,0,0,0,0,momo
862526037240919,0,0,0,0,0,0,1,0,0,0,0,0,0,0,0,0,0,0,0,0,0,momo
862531034849852,0,0,0,0,0,0,1,0,0,0,0,0,0,0,0,0,0,0,0,0,0,momo
862732039970954,0,0,0,0,0,0,1,0,0,0,0,0,0,0,0,0,0,0,1,0,0,momo
A000006015E74E,0,1,0,1,0,1,1,1,0,0,1,0,0,0,0,1,0,0,1,0,0,momo
861744036461292,0,0,0,0,0,0,0,1,0,0,0,0,0,0,0,0,0,0,0,0,0,momo
862479035485161,0,0,0,0,0,0,1,0,0,0,0,0,0,0,0,0,0,0,0,0,0,momo
862526037964575,0,0,0,0,0,0,1,0,0,0,0,0,0,0,0,0,0,0,0,0,0,momo
862265035600739,0,0,0,0,0,0,1,0,0,0,0,0,0,0,0,0,0,0,0,0,0,momo
862341035148506,1,0,0,0,0,0,0,0,0,0,0,0,0,0,0,0,0,0,0,0,0,momo
354732084143445,0,0,0,0,0,0,1,0,0,0,0,0,0,0,0,0,0,0,0,0,0,momo
861599031329674,0,0,0,0,0,1,1,1,0,0,0,0,1,0,0,1,0,0,0,0,0,momo
861958038457054,0,0,0,0,0,0,1,0,0,0,1,0,0,0,0,0,0,0,0,0,0,momo
862603037306733,0,0,0,0,0,0,0,1,0,0,0,0,0,0,0,0,0,0,0,0,0,momo
862636036807699,0,0,0,0,0,0,1,0,0,0,0,0,1,0,0,0,0,0,0,0,0,momo
862734032745615,1,0,0,0,0,0,1,1,0,0,1,0,0,0,0,1,0,0,0,0,0,momo
862734039749719,0,0,0,0,0,0,1,0,0,0,0,0,0,0,0,0,0,0,0,0,0,momo
862784037801111,0,0,0,0,0,0,1,0,0,0,0,0,0,0,0,0,0,0,0,0,0,momo
351673070295240,0,0,0,0,0,0,1,0,0,0,0,0,0,0,0,0,0,0,0,0,0,momo
359942074071432,1,0,1,1,0,0,0,1,0,0,1,0,1,0,0,1,0,0,0,0,0,momo
861443033478355,0,0,0,0,0,0,1,0,0,0,0,0,0,0,0,0,0,0,0,0,0,momo
862022035323774,1,0,0,0,0,0,0,1,0,0,0,0,0,0,0,0,0,0,0,0,0,momo
862467039636475,0,0,0,1,0,0,1,1,0,0,0,0,1,0,0,0,0,0,0,0,0,momo
359583079351401,0,0,0,1,0,1,0,1,0,0,0,0,0,0,0,0,0,0,0,0,0,momo
861543039693772,0,0,0,0,0,0,1,0,0,0,0,0,1,0,0,0,0,0,0,0,0,momo
861723030787126,0,0,1,0,0,0,1,1,0,0,0,0,1,0,0,0,0,0,0,0,0,momo
861742034437330,0,0,0,0,0,0,1,0,0,0,0,0,0,0,0,0,0,0,0,0,0,momo
862812039151993,0,0,1,0,0,0,1,0,0,0,0,0,0,0,0,0,0,0,0,0,0,momo
866875032937649,0,0,0,0,0,0,1,0,0,0,0,0,1,0,0,0,0,0,0,0,0,momo
353114082111255,0,0,0,1,0,1,1,1,0,0,0,0,0,0,0,0,0,0,0,0,0,momo
862812037231177,1,0,0,1,0,0,0,1,0,0,1,0,1,0,0,1,0,0,1,0,0,momo
862812038814476,0,0,0,0,0,0,0,1,0,0,0,0,0,0,0,0,0,0,0,0,0,momo
354332072556664,0,0,0,0,0,0,1,0,0,0,0,0,0,0,0,0,0,0,0,0,0,momo
356145083582638,0,0,0,0,0,0,1,0,0,0,0,0,0,0,0,0,0,0,0,0,0,momo
862183030928858,0,0,0,0,0,0,1,1,0,0,0,0,0,0,0,0,0,0,0,0,0,momo
862217031741355,0,0,0,0,0,0,1,0,0,0,0,0,0,0,0,0,0,0,0,0,0,momo
862659033202292,0,0,0,0,0,0,1,0,0,0,0,0,0,0,0,0,0,0,0,0,0,momo
862784034249017,0,0,0,0,0,0,1,1,0,0,0,0,0,0,0,0,0,0,0,0,0,momo
862813036030636,0,0,0,0,0,0,0,1,0,0,0,0,1,0,0,0,0,0,0,0,0,momo
358314071112299,0,0,1,0,0,0,1,0,0,0,0,0,0,0,0,0,0,0,0,0,0,momo
861599031900359,0,0,0,0,0,0,1,1,0,0,0,0,1,0,0,0,0,0,0,0,0,momo
862552030224296,0,0,0,0,0,0,1,0,0,0,0,0,0,0,0,0,0,0,0,0,0,momo
862658030687315,0,0,0,0,0,0,1,0,0,0,0,0,0,0,0,0,0,0,0,0,0,momo
862759032950592,0,0,0,1,0,1,1,1,0,0,0,0,0,0,0,0,0,0,0,0,0,momo
358654080400064,0,0,1,1,0,0,0,1,0,0,0,0,1,0,0,0,0,0,0,0,0,momo
861608039078298,0,0,1,0,0,0,1,1,0,0,0,0,0,0,0,0,0,0,0,0,0,momo
861613035744885,0,0,0,1,0,0,0,0,0,0,0,0,0,0,0,0,0,0,0,0,0,momo
862022030505730,0,0,0,0,0,0,0,1,0,0,1,0,0,0,0,0,0,0,0,0,0,momo
862391039595665,0,0,0,0,0,0,1,0,0,0,0,0,0,0,0,0,0,0,0,0,0,momo
862950033844575,0,0,0,0,0,0,1,0,0,0,0,0,0,0,0,0,0,0,0,0,0,momo
863905031281070,0,0,0,0,0,0,1,0,0,0,0,0,0,0,0,0,0,0,0,0,0,momo
812345678912343,1,1,1,1,0,1,1,1,0,0,1,0,1,0,0,1,0,0,1,0,0,momo
861075030260798,0,0,0,0,0,1,1,0,0,0,0,0,0,0,0,0,0,0,0,0,0,momo
861464032460376,0,0,0,1,0,0,1,0,0,0,1,0,0,0,0,1,0,0,0,0,0,momo
861837032367289,0,0,1,0,0,0,0,0,0,0,0,0,1,0,0,0,0,0,0,0,0,momo
862783037541636,0,0,0,1,0,0,1,0,0,0,1,0,0,0,0,0,0,0,1,0,0,momo
862784033684677,0,0,1,0,0,0,1,0,0,0,0,0,0,0,0,0,0,0,0,0,0,momo
862787039309173,1,0,0,0,0,0,0,0,0,0,0,0,0,0,0,0,0,0,0,0,0,momo
862828032902539,0,0,0,0,0,0,1,0,0,0,0,0,0,0,0,0,0,0,0,0,0,momo
861353031722599,0,0,0,1,0,0,0,0,0,0,0,0,0,0,0,1,0,0,0,0,0,momo
861414033156697,1,0,0,1,0,0,0,1,0,0,1,0,0,0,0,0,0,0,0,0,0,momo
862645031051252,0,0,0,0,0,0,1,0,0,0,0,0,0,0,0,0,0,0,0,0,0,momo
862758033488602,0,0,0,0,0,0,1,0,0,0,0,0,0,0,0,0,0,0,0,0,0,momo
862784034515151,0,0,0,0,0,0,0,1,0,0,0,0,0,0,0,0,0,0,1,0,0,momo
862784035249552,0,0,0,0,0,1,1,0,0,0,0,0,0,0,0,0,0,0,0,0,0,momo
352461071214009,0,0,0,0,0,0,1,1,0,0,0,0,0,0,0,0,0,0,0,0,0,momo
860737033412236,0,0,0,0,0,0,0,0,0,0,0,0,1,0,0,0,0,0,0,0,0,momo
861331039433740,0,0,1,1,0,0,0,1,0,0,0,0,0,0,0,0,0,0,0,0,0,momo
861404035888736,0,0,0,0,0,1,1,0,0,0,0,0,0,0,0,0,0,0,0,0,0,momo
861406033628659,0,1,0,1,0,1,0,0,0,0,0,0,1,0,0,0,0,0,0,0,0,momo
862813037812354,0,0,1,0,0,0,1,1,0,0,0,0,0,0,0,1,0,0,1,0,0,momo
861247032750841,0,0,0,0,0,0,1,0,0,0,0,0,0,0,0,0,0,0,0,0,0,momo
861845033173069,0,0,0,0,0,0,1,0,0,0,0,0,0,0,0,0,0,0,0,0,0,momo
358811078068705,0,0,1,0,0,0,1,1,0,0,0,0,0,0,0,0,0,0,0,0,0,momo
861405034341031,0,0,0,0,0,0,1,0,0,0,0,0,0,0,0,0,0,0,0,0,0,momo
862783035826559,0,0,0,0,0,1,1,1,0,0,0,0,0,0,0,1,0,0,0,0,0,momo
861602035410712,0,0,0,0,0,1,1,0,0,0,0,0,0,0,0,0,0,0,0,0,0,momo
861837031779666,0,0,0,0,0,0,1,0,0,0,0,0,0,0,0,0,0,0,0,0,0,momo
358182063107506,0,0,0,0,0,0,1,0,0,0,0,0,0,0,0,0,0,0,0,0,0,momo
861962030008899,0,0,0,0,0,0,1,0,0,0,0,0,0,0,0,0,0,0,0,0,0,momo
862829038393699,0,0,0,0,0,0,1,1,0,0,0,0,0,0,0,0,0,0,0,0,0,momo
A000005F49A8B7,0,0,0,0,0,0,1,0,0,0,0,0,0,0,0,0,0,0,0,0,0,momo
356156072078033,0,0,0,0,0,0,0,0,0,0,0,0,0,0,0,1,0,0,0,0,0,momo
860750032171877,0,0,1,0,0,0,1,0,0,0,0,0,0,0,0,0,0,0,0,0,0,momo
862263036100874,0,0,0,0,0,0,1,0,0,0,0,0,0,0,0,0,0,0,0,0,0,momo
868896027129123,0,0,0,0,0,0,0,0,0,0,0,0,1,0,0,0,0,0,0,0,0,momo
354039073979668,0,0,0,0,0,0,1,0,0,0,0,0,0,0,0,0,0,0,0,0,0,momo
860988037989659,0,0,0,0,0,0,1,0,0,0,0,0,0,0,0,0,0,0,0,0,0,momo
861730035023159,0,0,0,0,0,0,1,0,0,0,0,0,0,0,0,0,0,0,0,0,0,momo
862603034120756,0,0,0,0,0,0,0,1,0,0,1,0,0,0,0,0,0,0,0,0,0,momo
860749038289790,0,0,0,0,0,0,1,0,0,0,0,0,0,0,0,0,0,0,0,0,0,momo
861106033002224,0,0,0,0,0,0,1,1,0,0,0,0,0,0,0,0,0,0,0,0,0,momo
861404031219571,0,0,0,0,0,0,0,1,0,0,0,0,0,0,0,0,0,0,1,0,0,momo
862228030005783,0,0,0,0,0,0,1,1,0,0,0,0,0,0,0,0,0,0,1,0,0,momo
868913029466419,0,0,0,0,0,0,1,0,0,0,0,0,0,0,0,0,0,0,0,0,0,momo
860832037927493,0,0,0,0,0,0,1,0,0,0,0,0,0,0,0,0,0,0,0,0,0,momo
862022030744511,0,0,0,0,0,0,1,0,0,0,0,0,0,0,0,0,0,0,0,0,0,momo
862183036852375,0,0,0,0,0,0,1,0,0,0,0,0,0,0,0,0,0,0,0,0,0,momo
862787030257132,0,0,0,0,0,0,1,0,0,0,0,0,0,0,0,0,0,0,0,0,0,momo
357330079368262,0,0,0,0,0,0,0,1,0,0,0,0,0,0,0,0,0,0,0,0,0,momo
861962032676437,0,0,0,0,0,1,1,1,0,0,0,0,1,0,0,0,0,0,0,0,0,momo
862023036278173,0,0,0,1,0,0,1,1,0,0,0,0,1,0,0,0,0,0,0,0,0,momo
862949032775954,0,0,1,0,0,0,0,0,0,0,0,0,0,0,0,0,0,0,0,0,0,momo
351952082520658,0,0,1,0,0,1,0,0,0,0,0,0,0,0,0,0,0,0,0,0,0,momo
352709083954149,0,0,0,0,0,0,1,1,0,0,0,0,0,0,0,1,0,0,0,0,0,momo
860749037787075,0,0,0,0,0,0,1,0,0,0,0,0,0,0,0,0,0,0,0,0,0,momo
861462030852263,0,0,0,1,0,0,1,0,0,0,0,0,0,0,0,0,0,0,0,0,0,momo
862083037512913,0,0,0,0,0,0,1,0,0,0,0,0,0,0,0,0,0,0,0,0,0,momo
862503039329750,1,0,0,1,0,0,0,1,0,0,0,0,1,0,0,0,0,0,0,0,0,momo
862505039946269,0,0,0,1,0,1,1,0,0,0,0,0,0,0,0,0,0,0,0,0,0,momo
862732030280452,0,0,1,0,0,0,1,0,0,0,0,0,1,0,0,0,0,0,0,0,0,momo
862732030623776,0,0,0,0,0,1,0,0,0,0,0,0,0,0,0,0,0,0,0,0,0,momo
862813038607514,0,0,0,0,0,0,1,0,0,0,0,0,0,0,0,0,0,0,0,0,0,momo
353988080306730,0,0,1,1,0,0,0,1,0,0,1,0,1,0,0,1,0,0,1,0,0,momo
354732086324787,0,1,0,1,0,0,1,1,0,0,0,0,0,0,0,0,0,0,0,0,0,momo
355457084237349,0,0,0,0,0,0,1,0,0,0,0,0,0,0,0,0,0,0,0,0,0,momo
358314070279644,0,0,1,0,0,0,1,0,0,0,0,0,0,0,0,0,0,0,0,0,0,momo
860750036550316,0,0,0,0,0,1,0,0,0,0,0,0,0,0,0,1,0,0,0,0,0,momo
861258030994950,0,0,0,0,0,0,1,0,0,0,0,0,0,0,0,0,0,0,0,0,0,momo
861600036803075,0,0,0,1,0,0,1,1,0,0,1,0,0,0,0,1,0,0,0,0,0,momo
862609033646394,0,0,0,0,0,0,1,0,0,0,0,0,0,0,0,0,0,0,0,0,0,momo
862609035875736,0,0,0,0,0,0,1,0,0,0,0,0,1,0,0,0,0,0,0,0,0,momo
862630033282303,0,0,0,0,0,0,1,0,0,0,0,0,0,0,0,0,0,0,0,0,0,momo
861079032497259,0,0,1,0,0,0,0,0,0,0,0,0,0,0,0,0,0,0,0,0,0,momo
862734034220799,0,1,1,1,0,0,1,1,0,0,1,0,0,0,0,0,0,0,0,0,0,momo
352097090080433,1,0,0,0,0,0,1,1,0,0,0,0,0,0,0,0,0,0,0,0,0,momo
359942074702218,0,0,0,0,0,1,0,0,0,0,0,0,1,0,0,0,0,0,0,0,0,momo
353460085114956,0,0,1,1,0,0,1,0,0,0,0,0,1,0,0,0,0,0,1,0,0,momo
861309032622790,0,0,0,0,0,0,0,0,0,0,0,0,0,0,0,1,0,0,0,0,0,momo
862458034446655,0,0,0,0,0,0,0,0,0,0,0,0,1,0,0,0,0,0,0,0,0,momo
354732082706524,0,0,1,1,0,0,0,0,0,0,0,0,0,0,0,0,0,0,0,0,0,momo
862096030766971,0,1,0,0,0,0,1,0,0,0,0,0,0,0,0,0,0,0,0,0,0,momo
354765080508211,0,0,0,0,0,0,0,1,0,0,0,0,0,0,0,0,0,0,0,0,0,momo
357107071850137,0,0,0,1,0,0,1,1,0,0,0,0,0,0,0,0,0,0,0,0,0,momo
861262035821119,1,0,0,1,0,0,1,0,0,0,1,0,0,0,0,1,0,0,1,0,0,momo
861457031908007,0,0,0,0,0,0,1,0,0,0,0,0,0,0,0,0,0,0,0,0,0,momo
862096031130615,0,0,0,0,0,0,0,1,0,0,0,0,0,0,0,0,0,0,0,0,0,momo
862526035809434,0,0,0,0,0,1,0,0,0,0,0,0,0,0,0,0,0,0,0,0,0,momo
862526038308194,0,0,0,0,0,0,1,0,0,0,0,0,0,0,0,1,0,0,0,0,0,momo
862634037298232,0,0,0,0,0,0,1,0,0,0,0,0,0,0,0,0,0,0,0,0,0,momo
861463032679092,0,0,0,0,0,0,1,0,0,0,0,0,0,0,0,0,0,0,1,0,0,momo
862183036142611,0,0,0,0,0,0,1,1,0,0,0,0,1,0,0,0,0,0,0,0,0,momo
862604039283359,0,0,0,0,0,0,1,0,0,0,0,0,0,0,0,0,0,0,0,0,0,momo
861258035023037,0,0,0,0,0,1,0,0,0,0,0,0,0,0,0,0,0,0,0,0,0,momo
861543031284059,0,0,0,0,0,1,0,0,0,0,1,0,1,0,0,0,0,0,0,0,0,momo
862471035654110,0,0,0,1,0,0,1,0,0,0,0,0,0,0,0,1,0,0,0,0,0,momo
862604034116174,0,0,0,0,0,1,0,0,0,0,0,0,0,0,0,1,0,0,0,0,0,momo
862734039642096,0,0,0,0,0,0,1,1,0,0,0,0,0,0,0,0,0,0,0,0,0,momo
862904033250317,0,0,0,0,0,0,1,0,0,0,0,0,0,0,0,0,0,0,0,0,0,momo
861270039294506,0,0,0,1,0,0,1,0,0,0,0,0,1,0,0,0,0,0,0,0,0,momo
861309034271190,0,0,0,1,0,0,1,0,0,0,0,0,0,0,0,0,0,0,0,0,0,momo
862458038877277,0,0,1,1,0,1,1,0,0,0,1,0,0,0,0,0,0,0,0,0,0,momo
862783032012815,0,0,0,0,0,0,0,1,0,0,0,0,0,0,0,0,0,0,0,0,0,momo
351952084147617,0,0,0,0,0,0,1,0,0,0,0,0,0,0,0,0,0,0,0,0,0,momo
861487037240535,1,0,0,0,0,0,1,0,0,0,0,0,0,0,0,0,0,0,0,0,0,momo
861600034042874,0,0,0,0,0,0,1,1,0,0,0,0,0,0,0,0,0,0,0,0,0,momo
354765083084715,0,0,0,1,0,1,1,1,0,0,0,0,1,0,0,0,0,0,1,0,0,momo
862393032935146,0,0,0,0,0,1,1,0,0,0,0,0,0,0,0,0,0,0,0,0,0,momo
863267036393677,0,0,0,0,0,0,1,0,0,0,0,0,0,0,0,0,0,0,0,0,0,momo
354132070315638,0,0,0,0,0,0,0,1,0,0,0,0,0,0,0,0,0,0,0,0,0,momo
354765081268534,0,0,0,1,0,0,1,0,0,0,0,0,0,0,0,1,0,0,0,0,0,momo
354778062233146,0,0,0,0,0,0,1,0,0,0,0,0,0,0,0,0,0,0,0,0,0,momo
356001071813826,0,0,0,0,0,1,0,0,0,0,0,0,0,0,0,0,0,0,0,0,0,momo
357755071777765,0,0,1,1,0,0,0,0,0,0,0,0,0,0,0,0,0,0,0,0,0,momo
860264038411675,0,0,0,1,0,1,1,1,0,0,0,0,0,0,0,0,0,0,0,0,0,momo
860662031834662,0,0,0,1,0,0,1,0,0,0,0,0,0,0,0,0,0,0,0,0,0,momo
860750035505139,0,0,0,0,0,0,1,1,0,0,0,0,0,0,0,1,0,0,1,0,0,momo
861730037502630,0,0,0,0,0,0,1,0,0,0,0,0,0,0,0,0,0,0,0,0,0,momo
862183039368718,0,0,0,0,0,1,1,0,0,0,0,0,0,0,0,0,0,0,0,0,0,momo
862668032956691,0,0,0,0,0,0,1,0,0,0,0,0,0,0,0,0,0,0,0,0,0,momo
862787030391337,1,1,0,1,0,0,1,0,0,0,1,0,1,0,0,1,0,0,0,0,0,momo
